,1.0,2.0,3.0,accuracy,macro avg,weighted avg
precision,0.937125748502994,0.7894736842105263,0.8285714285714286,0.9084507042253521,0.8517236204283164,0.9054943380209823
recall,0.9601226993865031,0.6716417910447762,0.8787878787878788,0.9084507042253521,0.8368507897397194,0.9084507042253521
f1-score,0.9484848484848485,0.7258064516129032,0.8529411764705882,0.9084507042253521,0.84241082552278,0.9060613889381561
support,326.0,67.0,33.0,0.9084507042253521,426.0,426.0
